"","Locus","Expected","Observed","% difference"
"1","CCMIC14a",0.61120911417682,0.350993377483444,42.5739293897534
"2","CCMIC15a",0.77526063293054,0.506625097427903,34.6509965928717
"3","CCMIC6a",0.877868300328435,0.451038575667656,48.6211570119447
