"","CCMIC6a","CCMIC14a","CCMIC15a"
"Observed frequency",0.294154636422664,0.192610667846568,0.17830284120532
"Median frequency",0.294238807990227,0.193237866459373,0.178227437578527
"2.5th percentile",0.270320291718628,0.16988714727225,0.156585867842149
"97.5th percentile",0.317944383572394,0.217423615779141,0.199182439539859
