"","Fit","Fst","Fis"
"CCMIC15a",0.364319075457388,0.183521126168539,0.221436163363818
"CCMIC14a",0.442705634472113,0.195716290645753,0.307092312020923
"CCMIC6a",0.501774970712189,0.206766367346006,0.371906322704883
