"","GUAT","MEX","COL","HAW","AUS","AFRI","MED","SAME","CAME"
"Mean richness",5.63126319229159,5.62594238557036,5.88857733675787,3.31601617193782,3.86792946942523,10.9297919094831,4.91431865402501,5.87849948799503,4.07034482231192
"Total richness",16.8937895768748,16.8778271567111,17.6657320102736,9.94804851581347,11.6037884082757,32.7893757284494,14.742955962075,17.6354984639851,12.2110344669358
