"","Hs","Ht","Gst_est","Gprime_st","D_het","D_mean"
"1",0.630538075573416,0.821941229348473,0.232867201377373,0.689017155072536,0.582816614543258,0.566110342182739
