"","Hs","Ht","Gst","Gprime_st","D"
"CCMIC6a",0.659969582845079,0.894720394913091,0.262373377652596,0.840503817837157,0.776679527044164
"CCMIC14a",0.567386572357087,0.742572391546865,0.235917495969444,0.595923726265426,0.455566179862491
"CCMIC15a",0.664258071518082,0.828530901585462,0.198270009909142,0.648293607665937,0.550443415457285
