"","ccmic6","ccmic14","ccmic15"
"Observed frequency",0.289463465061222,0.0881499335106383,0.00101702072898148
"Median frequency",0.289603596382461,0.0882851392579513,8.09271215633655e-05
"2.5th percentile",0.264928417693171,0.0674861472487015,-0.0145470348392087
"97.5th percentile",0.317159747778126,0.109393013707103,0.0163722802528616
