"","GUAT","MEX","COL","HAW","AUS","AFRI","MED","SAME","CAME"
"Mean richness",1.76668511253512,2.12293546063648,1.55437314390868,2.13711629977646,2.14382081395583,3.42712734228545,2.70318348272647,3.01517974484778,2.62650102508576
"Total richness",5.30005533760535,6.36880638190943,4.66311943172605,6.41134889932938,6.43146244186748,10.2813820268564,8.10955044817941,9.04553923454334,7.87950307525728
