"","Locus","Expected","Observed","% difference"
"1","ccmic14",0.398442687988281,0.28515625,28.4323044200558
"2","ccmic15",0.431511108093525,0.430056710775047,0.337047480632196
"3","ccmic6",0.589828100097738,0.232937685459941,60.5075300038534
