"","Hs","Ht","Gst_est","Gprime_st","D_het","D_mean"
"1",0.314910810814085,0.563566509202832,0.441218018331983,0.686662795924755,0.408322982033551,0.35873077962461
