"","Fit","Fst","Fis"
"ccmic14",0.299645563961116,0.138953035726664,0.186624580193561
"ccmic15",0.0322693550853218,0.188701533969381,-0.192817052458417
"ccmic6",0.629736146324547,0.430020720383225,0.350390677491996
