"","Hs","Ht","Gst","Gprime_st","D"
"ccmic6",0.278327994965513,0.672520757090351,0.586142149471053,0.851348802030858,0.614499182865283
"ccmic14",0.299630275120263,0.479277811830059,0.374829654691994,0.575139380997449,0.288566840654375
"ccmic15",0.36677416235648,0.538900958688087,0.319403396035213,0.545671446065679,0.305803450146124
